UE,Video,Jitter_ms
1,bowing,5.800215
2,bowing,6.116591
3,bowing,6.432966
4,bowing,6.749342
5,bowing,7.065717
6,bowing,7.382092
