UE,Video,Jitter_ms
1,bowing,9.451372
2,bowing,9.966901
3,bowing,10.482430
4,bowing,10.997960
5,bowing,11.513489
6,bowing,12.029018
